file,n_total,n_xray,n_pandora,xray_best_mean,xray_best_median,xray_avg_mean,xray_avg_median,pandora_best_mean,pandora_avg_mean
results/rmse_values/100k/samples_test_2.pkl.gz,4000,72,3928,0.6092300415039062,0.5476251244544983,1.504302978515625,1.4411243200302124,0.5356559157371521,1.654989242553711
results/rmse_values/100k/samples_test_structures.pkl.gz,4000,72,3928,0.6092267036437988,0.547622799873352,1.5043072700500488,1.441129207611084,0.5356550216674805,1.654991626739502
